film_id;title;description;release_year;rating;length;genre
1;EMPIRE ECHO DRAGON GALAXY 1;Synthetic film for student projects.;1990;G;72;Romance
2;RETURN SPARK SECRET HORIZON 2;Synthetic film for student projects.;2006;G;139;Sci-Fi
2;RETURN SPARK SECRET HORIZON 2;Synthetic film for student projects.;2006;G;139;Romance
3;SHADOW MOON STAR STORM 3;Synthetic film for student projects.;1997;PG;144;Thriller
3;SHADOW MOON STAR STORM 3;Synthetic film for student projects.;1997;PG;144;Comedy
4;EMPIRE NIGHT 4;Synthetic film for student projects.;2008;R;118;Action
4;EMPIRE NIGHT 4;Synthetic film for student projects.;2008;R;118;Comedy
5;ECHO NIGHT EMPIRE RIVER 5;Synthetic film for student projects.;2007;PG-13;102;Drama
5;ECHO NIGHT EMPIRE RIVER 5;Synthetic film for student projects.;2007;PG-13;102;Documentary
6;EMPIRE RETURN RIVER 6;Synthetic film for student projects.;2021;G;142;Thriller
6;EMPIRE RETURN RIVER 6;Synthetic film for student projects.;2021;G;142;Sci-Fi
7;DRAGON FALL 7;Synthetic film for student projects.;2003;G;151;Sci-Fi
7;DRAGON FALL 7;Synthetic film for student projects.;2003;G;151;Action
8;RIVER RIVER 8;Synthetic film for student projects.;2006;G;79;Romance
8;RIVER RIVER 8;Synthetic film for student projects.;2006;G;79;Documentary
9;RISING NIGHT 9;Synthetic film for student projects.;1999;R;133;Animation
10;FALL RISING RIVER 10;Synthetic film for student projects.;2024;R;148;Sci-Fi
11;SUN DRAGON 11;Synthetic film for student projects.;2012;G;67;Drama
12;DRAGON ECHO RIVER 12;Synthetic film for student projects.;2019;R;130;Animation
12;DRAGON ECHO RIVER 12;Synthetic film for student projects.;2019;R;130;Drama
13;SHADOW HORIZON RISING STORM 13;Synthetic film for student projects.;2012;PG;116;Documentary
13;SHADOW HORIZON RISING STORM 13;Synthetic film for student projects.;2012;PG;116;Drama
14;MYSTERY SHADOW 14;Synthetic film for student projects.;1991;PG-13;109;Comedy
15;DRAGON RETURN GALAXY 15;Synthetic film for student projects.;1992;G;160;Romance
16;STORM SHADOW STAR 16;Synthetic film for student projects.;2023;G;134;Comedy
16;STORM SHADOW STAR 16;Synthetic film for student projects.;2023;G;134;Documentary
17;LEGEND DAWN 17;Synthetic film for student projects.;1991;PG;149;Drama
17;LEGEND DAWN 17;Synthetic film for student projects.;1991;PG;149;Romance
18;EMPIRE STAR 18;Synthetic film for student projects.;1993;G;138;Thriller
18;EMPIRE STAR 18;Synthetic film for student projects.;1993;G;138;Romance
19;STORM DAWN 19;Synthetic film for student projects.;2004;R;103;Romance
19;STORM DAWN 19;Synthetic film for student projects.;2004;R;103;Comedy
20;STORM SUN DRAGON 20;Synthetic film for student projects.;1998;PG-13;135;Sci-Fi
21;STORM NIGHT 21;Synthetic film for student projects.;1999;PG;107;Thriller
22;SECRET SUN MYSTERY 22;Synthetic film for student projects.;1998;G;62;Romance
23;GALAXY EMPIRE 23;Synthetic film for student projects.;1995;R;148;Action
23;GALAXY EMPIRE 23;Synthetic film for student projects.;1995;R;148;Drama
24;LEGEND SHADOW LEGEND STAR 24;Synthetic film for student projects.;2007;G;90;Action
24;LEGEND SHADOW LEGEND STAR 24;Synthetic film for student projects.;2007;G;90;Comedy
25;EMPIRE DAWN MOON RIVER 25;Synthetic film for student projects.;2009;PG;131;Romance
26;TWILIGHT STORM 26;Synthetic film for student projects.;2013;PG;158;Thriller
26;TWILIGHT STORM 26;Synthetic film for student projects.;2013;PG;158;Romance
27;MYSTERY SHADOW STORM 27;Synthetic film for student projects.;1999;G;82;Drama
28;STAR SPARK 28;Synthetic film for student projects.;2008;R;102;Drama
29;STORM MYSTERY 29;Synthetic film for student projects.;2024;G;122;Animation
30;SECRET RETURN 30;Synthetic film for student projects.;2010;PG;146;Comedy
31;ECHO SECRET 31;Synthetic film for student projects.;1996;G;108;Documentary
31;ECHO SECRET 31;Synthetic film for student projects.;1996;G;108;Drama
32;SUN DAWN MYSTERY 32;Synthetic film for student projects.;2017;R;118;Action
33;LEGEND RETURN SHADOW 33;Synthetic film for student projects.;2012;G;76;Documentary
34;LEGEND STORM RETURN 34;Synthetic film for student projects.;2019;PG;88;Romance
34;LEGEND STORM RETURN 34;Synthetic film for student projects.;2019;PG;88;Animation
35;MOON EMPIRE SUN DRAGON 35;Synthetic film for student projects.;2004;PG;122;Drama
36;DAWN RETURN NIGHT GALAXY 36;Synthetic film for student projects.;2017;PG;101;Thriller
37;LEGEND SUN GALAXY FALL 37;Synthetic film for student projects.;1992;G;158;Romance
38;TWILIGHT RISING DAWN 38;Synthetic film for student projects.;1996;G;70;Thriller
39;FALL SHADOW LEGEND SPARK 39;Synthetic film for student projects.;2008;PG-13;121;Sci-Fi
40;RETURN SUN 40;Synthetic film for student projects.;1991;PG;150;Documentary
41;STAR RETURN STAR 41;Synthetic film for student projects.;1990;G;148;Animation
41;STAR RETURN STAR 41;Synthetic film for student projects.;1990;G;148;Comedy
42;FALL NIGHT MOON 42;Synthetic film for student projects.;2024;PG-13;70;Action
43;MYSTERY TWILIGHT SPARK MYSTERY 43;Synthetic film for student projects.;1997;PG-13;139;Action
44;EMPIRE STAR DRAGON 44;Synthetic film for student projects.;1994;G;102;Documentary
45;DAWN SUN SHADOW SECRET 45;Synthetic film for student projects.;2010;PG-13;147;Romance
46;RIVER SPARK 46;Synthetic film for student projects.;2012;G;127;Animation
47;DRAGON DRAGON HORIZON 47;Synthetic film for student projects.;2018;G;148;Romance
47;DRAGON DRAGON HORIZON 47;Synthetic film for student projects.;2018;G;148;Sci-Fi
48;RETURN RIVER 48;Synthetic film for student projects.;1995;PG;69;Sci-Fi
49;STORM LEGEND DAWN 49;Synthetic film for student projects.;1999;PG;113;Sci-Fi
50;SPARK FALL RETURN 50;Synthetic film for student projects.;1991;PG;62;Romance
50;SPARK FALL RETURN 50;Synthetic film for student projects.;1991;PG;62;Action
51;STAR ECHO FALL SUN 51;Synthetic film for student projects.;2011;R;135;Sci-Fi
51;STAR ECHO FALL SUN 51;Synthetic film for student projects.;2011;R;135;Comedy
52;HORIZON SUN LEGEND 52;Synthetic film for student projects.;2009;PG-13;121;Animation
53;LEGEND SPARK 53;Synthetic film for student projects.;2008;PG-13;80;Drama
53;LEGEND SPARK 53;Synthetic film for student projects.;2008;PG-13;80;Action
54;EMPIRE LEGEND 54;Synthetic film for student projects.;2000;PG;100;Thriller
55;NIGHT SPARK EMPIRE 55;Synthetic film for student projects.;2003;PG;100;Sci-Fi
56;RETURN DRAGON EMPIRE 56;Synthetic film for student projects.;2024;PG;111;Animation
56;RETURN DRAGON EMPIRE 56;Synthetic film for student projects.;2024;PG;111;Romance
57;ECHO LEGEND GALAXY 57;Synthetic film for student projects.;2024;R;150;Action
58;SUN LEGEND SUN 58;Synthetic film for student projects.;2018;PG;121;Action
58;SUN LEGEND SUN 58;Synthetic film for student projects.;2018;PG;121;Sci-Fi
59;DRAGON STORM HORIZON GALAXY 59;Synthetic film for student projects.;2015;PG-13;105;Sci-Fi
60;MOON STAR 60;Synthetic film for student projects.;2002;G;85;Documentary
60;MOON STAR 60;Synthetic film for student projects.;2002;G;85;Animation
61;RETURN RIVER TWILIGHT RISING 61;Synthetic film for student projects.;2002;G;137;Comedy
61;RETURN RIVER TWILIGHT RISING 61;Synthetic film for student projects.;2002;G;137;Sci-Fi
62;SPARK RISING LEGEND FALL 62;Synthetic film for student projects.;2013;PG-13;96;Animation
62;SPARK RISING LEGEND FALL 62;Synthetic film for student projects.;2013;PG-13;96;Comedy
63;RETURN DRAGON RIVER 63;Synthetic film for student projects.;2003;R;113;Thriller
63;RETURN DRAGON RIVER 63;Synthetic film for student projects.;2003;R;113;Documentary
64;EMPIRE FALL FALL 64;Synthetic film for student projects.;1998;R;86;Action
65;ECHO RIVER SUN RISING 65;Synthetic film for student projects.;1995;PG;94;Animation
66;RETURN SUN LEGEND SHADOW 66;Synthetic film for student projects.;2001;PG-13;122;Thriller
67;HORIZON DAWN DRAGON RETURN 67;Synthetic film for student projects.;2004;R;93;Drama
67;HORIZON DAWN DRAGON RETURN 67;Synthetic film for student projects.;2004;R;93;Animation
68;STAR HORIZON 68;Synthetic film for student projects.;2016;G;142;Animation
69;NIGHT DAWN 69;Synthetic film for student projects.;1994;R;121;Documentary
70;STAR DAWN STORM 70;Synthetic film for student projects.;2013;G;80;Drama
71;ECHO RETURN 71;Synthetic film for student projects.;1998;R;94;Comedy
72;SPARK MYSTERY HORIZON HORIZON 72;Synthetic film for student projects.;2023;PG;84;Action
72;SPARK MYSTERY HORIZON HORIZON 72;Synthetic film for student projects.;2023;PG;84;Drama
73;MOON EMPIRE 73;Synthetic film for student projects.;2024;PG-13;98;Romance
73;MOON EMPIRE 73;Synthetic film for student projects.;2024;PG-13;98;Thriller
74;DRAGON SUN 74;Synthetic film for student projects.;2012;PG-13;126;Thriller
75;FALL ECHO EMPIRE 75;Synthetic film for student projects.;1996;PG;88;Comedy
75;FALL ECHO EMPIRE 75;Synthetic film for student projects.;1996;PG;88;Drama
76;MOON TWILIGHT DRAGON DRAGON 76;Synthetic film for student projects.;1997;PG;74;Comedy
76;MOON TWILIGHT DRAGON DRAGON 76;Synthetic film for student projects.;1997;PG;74;Sci-Fi
77;DAWN SPARK 77;Synthetic film for student projects.;2009;PG-13;116;Comedy
78;HORIZON GALAXY 78;Synthetic film for student projects.;1997;PG;78;Romance
79;LEGEND SHADOW LEGEND 79;Synthetic film for student projects.;1995;R;62;Documentary
80;MYSTERY SHADOW STORM 80;Synthetic film for student projects.;1992;G;75;Comedy
80;MYSTERY SHADOW STORM 80;Synthetic film for student projects.;1992;G;75;Thriller
81;HORIZON GALAXY 81;Synthetic film for student projects.;1996;PG-13;85;Comedy
82;RIVER LEGEND 82;Synthetic film for student projects.;2007;PG;80;Sci-Fi
83;SUN RIVER STORM SUN 83;Synthetic film for student projects.;1990;PG;84;Comedy
84;GALAXY STORM SHADOW TWILIGHT 84;Synthetic film for student projects.;2020;PG;146;Drama
84;GALAXY STORM SHADOW TWILIGHT 84;Synthetic film for student projects.;2020;PG;146;Sci-Fi
85;RISING FALL SHADOW 85;Synthetic film for student projects.;2022;G;157;Action
85;RISING FALL SHADOW 85;Synthetic film for student projects.;2022;G;157;Thriller
86;STORM TWILIGHT LEGEND 86;Synthetic film for student projects.;2021;G;152;Documentary
87;DAWN STORM RISING 87;Synthetic film for student projects.;2008;R;116;Romance
87;DAWN STORM RISING 87;Synthetic film for student projects.;2008;R;116;Sci-Fi
88;FALL SHADOW RIVER 88;Synthetic film for student projects.;2020;R;61;Drama
88;FALL SHADOW RIVER 88;Synthetic film for student projects.;2020;R;61;Documentary
89;STORM RISING RETURN TWILIGHT 89;Synthetic film for student projects.;1995;G;111;Romance
90;EMPIRE RIVER SPARK SHADOW 90;Synthetic film for student projects.;2011;R;89;Animation
91;DAWN NIGHT SUN SUN 91;Synthetic film for student projects.;2007;R;120;Drama
91;DAWN NIGHT SUN SUN 91;Synthetic film for student projects.;2007;R;120;Thriller
92;TWILIGHT NIGHT LEGEND 92;Synthetic film for student projects.;2019;PG;122;Animation
93;LEGEND GALAXY STORM MYSTERY 93;Synthetic film for student projects.;1994;PG-13;108;Drama
93;LEGEND GALAXY STORM MYSTERY 93;Synthetic film for student projects.;1994;PG-13;108;Thriller
94;HORIZON MOON 94;Synthetic film for student projects.;1996;R;85;Action
95;TWILIGHT NIGHT DRAGON 95;Synthetic film for student projects.;2011;R;115;Thriller
95;TWILIGHT NIGHT DRAGON 95;Synthetic film for student projects.;2011;R;115;Comedy
96;ECHO RISING RETURN 96;Synthetic film for student projects.;2019;PG-13;131;Animation
96;ECHO RISING RETURN 96;Synthetic film for student projects.;2019;PG-13;131;Documentary
97;EMPIRE DAWN FALL LEGEND 97;Synthetic film for student projects.;2009;R;157;Thriller
97;EMPIRE DAWN FALL LEGEND 97;Synthetic film for student projects.;2009;R;157;Romance
98;DRAGON DRAGON SUN DAWN 98;Synthetic film for student projects.;2020;PG-13;67;Sci-Fi
99;SUN RISING MOON 99;Synthetic film for student projects.;2012;G;63;Documentary
100;SPARK SPARK 100;Synthetic film for student projects.;1991;PG-13;72;Action
101;FALL SPARK MYSTERY 101;Synthetic film for student projects.;2005;G;99;Animation
102;RIVER HORIZON STORM ECHO 102;Synthetic film for student projects.;2000;R;118;Thriller
102;RIVER HORIZON STORM ECHO 102;Synthetic film for student projects.;2000;R;118;Drama
103;TWILIGHT FALL NIGHT GALAXY 103;Synthetic film for student projects.;2020;R;108;Romance
104;SUN STORM DAWN 104;Synthetic film for student projects.;1996;PG-13;123;Romance
104;SUN STORM DAWN 104;Synthetic film for student projects.;1996;PG-13;123;Animation
105;MOON HORIZON 105;Synthetic film for student projects.;2013;G;141;Romance
106;SHADOW HORIZON NIGHT MYSTERY 106;Synthetic film for student projects.;2009;G;139;Thriller
107;SUN STORM SUN ECHO 107;Synthetic film for student projects.;2007;G;86;Documentary
107;SUN STORM SUN ECHO 107;Synthetic film for student projects.;2007;G;86;Romance
108;HORIZON TWILIGHT HORIZON FALL 108;Synthetic film for student projects.;2024;R;111;Drama
109;DRAGON EMPIRE GALAXY STAR 109;Synthetic film for student projects.;2023;R;144;Action
109;DRAGON EMPIRE GALAXY STAR 109;Synthetic film for student projects.;2023;R;144;Thriller
110;STAR DRAGON MOON 110;Synthetic film for student projects.;2017;R;85;Drama
111;SECRET LEGEND 111;Synthetic film for student projects.;2009;PG;68;Animation
111;SECRET LEGEND 111;Synthetic film for student projects.;2009;PG;68;Thriller
112;NIGHT HORIZON STAR 112;Synthetic film for student projects.;2000;PG;90;Documentary
113;GALAXY SECRET 113;Synthetic film for student projects.;2009;G;115;Documentary
114;EMPIRE NIGHT 114;Synthetic film for student projects.;1998;PG;144;Sci-Fi
115;MYSTERY DAWN GALAXY MYSTERY 115;Synthetic film for student projects.;1995;G;112;Drama
116;LEGEND SECRET STORM 116;Synthetic film for student projects.;2022;G;71;Romance
116;LEGEND SECRET STORM 116;Synthetic film for student projects.;2022;G;71;Drama
117;ECHO SUN RISING 117;Synthetic film for student projects.;2005;PG;73;Comedy
118;RETURN FALL NIGHT 118;Synthetic film for student projects.;1993;R;74;Animation
118;RETURN FALL NIGHT 118;Synthetic film for student projects.;1993;R;74;Drama
119;SECRET NIGHT LEGEND 119;Synthetic film for student projects.;2013;G;62;Comedy
120;MYSTERY SECRET NIGHT DRAGON 120;Synthetic film for student projects.;2014;PG;75;Romance
120;MYSTERY SECRET NIGHT DRAGON 120;Synthetic film for student projects.;2014;PG;75;Drama
121;RISING GALAXY RISING 121;Synthetic film for student projects.;2006;PG;98;Documentary
121;RISING GALAXY RISING 121;Synthetic film for student projects.;2006;PG;98;Action
122;STAR ECHO STAR 122;Synthetic film for student projects.;2016;R;159;Documentary
123;FALL ECHO FALL STORM 123;Synthetic film for student projects.;2000;R;68;Animation
123;FALL ECHO FALL STORM 123;Synthetic film for student projects.;2000;R;68;Thriller
124;DRAGON ECHO RETURN GALAXY 124;Synthetic film for student projects.;1993;PG;116;Romance
125;RISING SHADOW 125;Synthetic film for student projects.;2009;PG;80;Animation
126;FALL ECHO RETURN DAWN 126;Synthetic film for student projects.;1998;PG-13;135;Thriller
126;FALL ECHO RETURN DAWN 126;Synthetic film for student projects.;1998;PG-13;135;Animation
127;SHADOW RIVER FALL 127;Synthetic film for student projects.;2013;G;133;Action
127;SHADOW RIVER FALL 127;Synthetic film for student projects.;2013;G;133;Comedy
128;DRAGON STAR 128;Synthetic film for student projects.;2004;PG;93;Comedy
129;RISING MOON 129;Synthetic film for student projects.;2017;PG;71;Animation
130;STORM GALAXY TWILIGHT FALL 130;Synthetic film for student projects.;2019;PG;88;Action
131;NIGHT HORIZON 131;Synthetic film for student projects.;2021;PG;86;Thriller
131;NIGHT HORIZON 131;Synthetic film for student projects.;2021;PG;86;Comedy
132;SHADOW FALL EMPIRE 132;Synthetic film for student projects.;2016;R;93;Romance
133;SPARK SUN 133;Synthetic film for student projects.;2019;PG-13;77;Romance
133;SPARK SUN 133;Synthetic film for student projects.;2019;PG-13;77;Thriller
134;RISING SHADOW RISING FALL 134;Synthetic film for student projects.;2006;PG-13;67;Comedy
135;DAWN SPARK 135;Synthetic film for student projects.;1992;PG-13;139;Comedy
135;DAWN SPARK 135;Synthetic film for student projects.;1992;PG-13;139;Drama
136;SPARK LEGEND DRAGON 136;Synthetic film for student projects.;1992;R;81;Action
136;SPARK LEGEND DRAGON 136;Synthetic film for student projects.;1992;R;81;Romance
137;RETURN LEGEND RIVER 137;Synthetic film for student projects.;2010;PG-13;93;Comedy
138;LEGEND DAWN 138;Synthetic film for student projects.;2007;PG-13;96;Comedy
139;ECHO FALL EMPIRE ECHO 139;Synthetic film for student projects.;2021;G;84;Drama
140;EMPIRE MYSTERY 140;Synthetic film for student projects.;2020;G;119;Animation
141;MYSTERY RETURN SPARK 141;Synthetic film for student projects.;2025;PG;74;Comedy
141;MYSTERY RETURN SPARK 141;Synthetic film for student projects.;2025;PG;74;Action
142;SPARK RIVER 142;Synthetic film for student projects.;2003;PG-13;155;Documentary
143;SUN SHADOW SUN GALAXY 143;Synthetic film for student projects.;2023;R;69;Comedy
144;STORM ECHO GALAXY HORIZON 144;Synthetic film for student projects.;1997;PG-13;73;Action
144;STORM ECHO GALAXY HORIZON 144;Synthetic film for student projects.;1997;PG-13;73;Comedy
145;GALAXY RIVER 145;Synthetic film for student projects.;2019;G;140;Thriller
146;MYSTERY STAR MOON 146;Synthetic film for student projects.;2018;PG-13;66;Drama
146;MYSTERY STAR MOON 146;Synthetic film for student projects.;2018;PG-13;66;Romance
147;MYSTERY RIVER DRAGON 147;Synthetic film for student projects.;2014;R;82;Documentary
148;GALAXY SHADOW 148;Synthetic film for student projects.;2000;PG;142;Action
148;GALAXY SHADOW 148;Synthetic film for student projects.;2000;PG;142;Thriller
149;HORIZON DAWN 149;Synthetic film for student projects.;2017;PG-13;137;Drama
149;HORIZON DAWN 149;Synthetic film for student projects.;2017;PG-13;137;Animation
150;STORM SPARK TWILIGHT SHADOW 150;Synthetic film for student projects.;2021;R;94;Sci-Fi
150;STORM SPARK TWILIGHT SHADOW 150;Synthetic film for student projects.;2021;R;94;Documentary
151;FALL SPARK 151;Synthetic film for student projects.;2001;PG-13;65;Action
152;SECRET STAR LEGEND 152;Synthetic film for student projects.;2021;G;119;Action
153;HORIZON LEGEND LEGEND 153;Synthetic film for student projects.;2009;G;132;Drama
154;TWILIGHT STORM 154;Synthetic film for student projects.;2022;PG-13;119;Documentary
154;TWILIGHT STORM 154;Synthetic film for student projects.;2022;PG-13;119;Drama
155;NIGHT SUN RIVER 155;Synthetic film for student projects.;2022;PG;144;Sci-Fi
156;RISING MYSTERY 156;Synthetic film for student projects.;1995;R;135;Drama
156;RISING MYSTERY 156;Synthetic film for student projects.;1995;R;135;Romance
157;RETURN MOON NIGHT ECHO 157;Synthetic film for student projects.;2001;PG-13;155;Thriller
158;STORM FALL DRAGON GALAXY 158;Synthetic film for student projects.;1990;R;81;Romance
158;STORM FALL DRAGON GALAXY 158;Synthetic film for student projects.;1990;R;81;Drama
159;RISING MOON DAWN 159;Synthetic film for student projects.;2009;R;146;Animation
159;RISING MOON DAWN 159;Synthetic film for student projects.;2009;R;146;Comedy
160;RIVER LEGEND LEGEND 160;Synthetic film for student projects.;1990;G;149;Romance
160;RIVER LEGEND LEGEND 160;Synthetic film for student projects.;1990;G;149;Drama
161;DAWN STAR 161;Synthetic film for student projects.;1999;PG;140;Comedy
162;HORIZON RETURN 162;Synthetic film for student projects.;1999;PG;74;Documentary
162;HORIZON RETURN 162;Synthetic film for student projects.;1999;PG;74;Sci-Fi
163;RETURN DAWN DAWN GALAXY 163;Synthetic film for student projects.;2018;R;97;Romance
164;ECHO GALAXY 164;Synthetic film for student projects.;1996;PG-13;123;Sci-Fi
165;DAWN RISING 165;Synthetic film for student projects.;2021;G;151;Romance
165;DAWN RISING 165;Synthetic film for student projects.;2021;G;151;Action
166;SUN ECHO DRAGON 166;Synthetic film for student projects.;1994;PG-13;74;Comedy
167;FALL GALAXY EMPIRE 167;Synthetic film for student projects.;2008;PG;104;Comedy
168;SECRET SUN ECHO MOON 168;Synthetic film for student projects.;2019;R;151;Comedy
168;SECRET SUN ECHO MOON 168;Synthetic film for student projects.;2019;R;151;Sci-Fi
169;STAR SPARK DAWN EMPIRE 169;Synthetic film for student projects.;2003;PG;121;Sci-Fi
170;EMPIRE MOON 170;Synthetic film for student projects.;2021;PG;98;Thriller
170;EMPIRE MOON 170;Synthetic film for student projects.;2021;PG;98;Drama
171;MYSTERY GALAXY SPARK NIGHT 171;Synthetic film for student projects.;2012;G;124;Thriller
172;FALL STORM MOON 172;Synthetic film for student projects.;2004;PG-13;93;Comedy
173;DRAGON NIGHT 173;Synthetic film for student projects.;1999;R;66;Documentary
173;DRAGON NIGHT 173;Synthetic film for student projects.;1999;R;66;Romance
174;STORM MOON 174;Synthetic film for student projects.;1996;G;73;Comedy
175;SPARK EMPIRE 175;Synthetic film for student projects.;2008;G;123;Thriller
176;STAR SPARK 176;Synthetic film for student projects.;2011;G;116;Comedy
176;STAR SPARK 176;Synthetic film for student projects.;2011;G;116;Sci-Fi
177;DAWN ECHO 177;Synthetic film for student projects.;2008;R;94;Thriller
177;DAWN ECHO 177;Synthetic film for student projects.;2008;R;94;Comedy
178;STAR SECRET LEGEND 178;Synthetic film for student projects.;2023;R;114;Drama
179;TWILIGHT SPARK GALAXY 179;Synthetic film for student projects.;2018;G;126;Romance
179;TWILIGHT SPARK GALAXY 179;Synthetic film for student projects.;2018;G;126;Drama
180;ECHO RISING EMPIRE 180;Synthetic film for student projects.;2017;PG;144;Romance
180;ECHO RISING EMPIRE 180;Synthetic film for student projects.;2017;PG;144;Animation
181;MYSTERY STAR TWILIGHT HORIZON 181;Synthetic film for student projects.;2016;PG-13;155;Thriller
182;NIGHT TWILIGHT 182;Synthetic film for student projects.;1999;R;142;Drama
183;SPARK STAR RISING SHADOW 183;Synthetic film for student projects.;2009;PG;102;Drama
184;DRAGON HORIZON SHADOW RIVER 184;Synthetic film for student projects.;2022;PG;103;Thriller
184;DRAGON HORIZON SHADOW RIVER 184;Synthetic film for student projects.;2022;PG;103;Action
185;GALAXY DRAGON 185;Synthetic film for student projects.;2006;G;114;Documentary
185;GALAXY DRAGON 185;Synthetic film for student projects.;2006;G;114;Romance
186;MYSTERY SPARK NIGHT STAR 186;Synthetic film for student projects.;2022;G;156;Drama
186;MYSTERY SPARK NIGHT STAR 186;Synthetic film for student projects.;2022;G;156;Animation
187;HORIZON SUN GALAXY 187;Synthetic film for student projects.;2019;PG;134;Animation
187;HORIZON SUN GALAXY 187;Synthetic film for student projects.;2019;PG;134;Thriller
188;HORIZON HORIZON SUN 188;Synthetic film for student projects.;1998;G;154;Romance
188;HORIZON HORIZON SUN 188;Synthetic film for student projects.;1998;G;154;Documentary
189;TWILIGHT SUN SHADOW 189;Synthetic film for student projects.;2013;R;151;Comedy
189;TWILIGHT SUN SHADOW 189;Synthetic film for student projects.;2013;R;151;Thriller
190;RIVER MYSTERY 190;Synthetic film for student projects.;2017;PG-13;117;Sci-Fi
190;RIVER MYSTERY 190;Synthetic film for student projects.;2017;PG-13;117;Comedy
191;TWILIGHT RISING SUN DRAGON 191;Synthetic film for student projects.;2023;R;123;Comedy
192;DAWN FALL EMPIRE 192;Synthetic film for student projects.;1999;PG;151;Comedy
193;TWILIGHT TWILIGHT STORM SHADOW 193;Synthetic film for student projects.;2019;PG-13;80;Action
194;MOON FALL 194;Synthetic film for student projects.;1997;PG;97;Thriller
195;SPARK HORIZON 195;Synthetic film for student projects.;2013;PG;63;Action
195;SPARK HORIZON 195;Synthetic film for student projects.;2013;PG;63;Romance
196;SUN FALL 196;Synthetic film for student projects.;1993;R;83;Animation
197;STORM DRAGON 197;Synthetic film for student projects.;2012;PG-13;121;Comedy
197;STORM DRAGON 197;Synthetic film for student projects.;2012;PG-13;121;Romance
198;RETURN ECHO RISING DAWN 198;Synthetic film for student projects.;1998;PG;145;Documentary
199;ECHO RIVER MOON MOON 199;Synthetic film for student projects.;2016;G;103;Romance
200;RETURN NIGHT STAR RIVER 200;Synthetic film for student projects.;2000;PG-13;140;Documentary
200;RETURN NIGHT STAR RIVER 200;Synthetic film for student projects.;2000;PG-13;140;Action
201;STAR STORM STAR DRAGON 201;Synthetic film for student projects.;1995;R;126;Drama
201;STAR STORM STAR DRAGON 201;Synthetic film for student projects.;1995;R;126;Documentary
202;GALAXY STORM DRAGON EMPIRE 202;Synthetic film for student projects.;1991;R;150;Comedy
203;DRAGON MOON 203;Synthetic film for student projects.;2010;R;62;Drama
203;DRAGON MOON 203;Synthetic film for student projects.;2010;R;62;Sci-Fi
204;FALL GALAXY 204;Synthetic film for student projects.;2023;G;71;Romance
205;EMPIRE HORIZON LEGEND EMPIRE 205;Synthetic film for student projects.;2006;PG;112;Romance
205;EMPIRE HORIZON LEGEND EMPIRE 205;Synthetic film for student projects.;2006;PG;112;Drama
206;MOON ECHO 206;Synthetic film for student projects.;2001;PG-13;109;Comedy
206;MOON ECHO 206;Synthetic film for student projects.;2001;PG-13;109;Sci-Fi
207;FALL ECHO 207;Synthetic film for student projects.;2006;PG;85;Comedy
208;TWILIGHT TWILIGHT RISING 208;Synthetic film for student projects.;1997;R;119;Thriller
208;TWILIGHT TWILIGHT RISING 208;Synthetic film for student projects.;1997;R;119;Animation
209;DAWN GALAXY 209;Synthetic film for student projects.;2016;G;94;Thriller
209;DAWN GALAXY 209;Synthetic film for student projects.;2016;G;94;Documentary
210;DRAGON STAR 210;Synthetic film for student projects.;1998;PG;70;Romance
211;SPARK DRAGON 211;Synthetic film for student projects.;2000;G;117;Thriller
212;MOON HORIZON STAR 212;Synthetic film for student projects.;2000;PG-13;94;Animation
213;RISING SPARK STAR SHADOW 213;Synthetic film for student projects.;2022;G;154;Action
213;RISING SPARK STAR SHADOW 213;Synthetic film for student projects.;2022;G;154;Sci-Fi
214;RIVER RISING STORM 214;Synthetic film for student projects.;1998;PG-13;86;Animation
215;ECHO STAR NIGHT RETURN 215;Synthetic film for student projects.;2007;PG-13;86;Thriller
215;ECHO STAR NIGHT RETURN 215;Synthetic film for student projects.;2007;PG-13;86;Sci-Fi
216;LEGEND STAR 216;Synthetic film for student projects.;1990;PG;61;Action
217;DRAGON DAWN RISING 217;Synthetic film for student projects.;2024;R;63;Drama
217;DRAGON DAWN RISING 217;Synthetic film for student projects.;2024;R;63;Romance
218;STORM SPARK RISING MOON 218;Synthetic film for student projects.;2012;R;61;Action
218;STORM SPARK RISING MOON 218;Synthetic film for student projects.;2012;R;61;Comedy
219;SHADOW RETURN GALAXY 219;Synthetic film for student projects.;2004;PG-13;147;Animation
219;SHADOW RETURN GALAXY 219;Synthetic film for student projects.;2004;PG-13;147;Documentary
220;RIVER MOON 220;Synthetic film for student projects.;2009;G;123;Drama
221;DAWN MOON SHADOW 221;Synthetic film for student projects.;1990;R;95;Comedy
221;DAWN MOON SHADOW 221;Synthetic film for student projects.;1990;R;95;Animation
222;DRAGON SHADOW 222;Synthetic film for student projects.;2001;PG-13;68;Drama
223;SECRET TWILIGHT NIGHT SHADOW 223;Synthetic film for student projects.;1991;G;131;Documentary
223;SECRET TWILIGHT NIGHT SHADOW 223;Synthetic film for student projects.;1991;G;131;Animation
224;STAR STAR MYSTERY 224;Synthetic film for student projects.;2010;R;75;Sci-Fi
224;STAR STAR MYSTERY 224;Synthetic film for student projects.;2010;R;75;Thriller
225;SPARK TWILIGHT MYSTERY 225;Synthetic film for student projects.;2004;PG-13;128;Romance
225;SPARK TWILIGHT MYSTERY 225;Synthetic film for student projects.;2004;PG-13;128;Drama
226;RISING SHADOW 226;Synthetic film for student projects.;2011;R;88;Comedy
226;RISING SHADOW 226;Synthetic film for student projects.;2011;R;88;Animation
227;SECRET SHADOW 227;Synthetic film for student projects.;2000;G;140;Drama
228;DAWN FALL 228;Synthetic film for student projects.;1991;R;91;Romance
228;DAWN FALL 228;Synthetic film for student projects.;1991;R;91;Action
229;ECHO MYSTERY 229;Synthetic film for student projects.;2011;R;159;Documentary
229;ECHO MYSTERY 229;Synthetic film for student projects.;2011;R;159;Comedy
230;STAR RETURN 230;Synthetic film for student projects.;1997;G;108;Thriller
231;MYSTERY RETURN 231;Synthetic film for student projects.;1993;G;73;Drama
232;MYSTERY HORIZON RISING RISING 232;Synthetic film for student projects.;1996;G;136;Romance
232;MYSTERY HORIZON RISING RISING 232;Synthetic film for student projects.;1996;G;136;Sci-Fi
233;RISING RETURN FALL 233;Synthetic film for student projects.;1996;PG;126;Drama
234;STORM GALAXY 234;Synthetic film for student projects.;1994;PG-13;76;Animation
235;FALL DAWN MOON 235;Synthetic film for student projects.;2018;PG;65;Comedy
235;FALL DAWN MOON 235;Synthetic film for student projects.;2018;PG;65;Romance
236;SUN FALL TWILIGHT 236;Synthetic film for student projects.;2012;PG-13;120;Animation
236;SUN FALL TWILIGHT 236;Synthetic film for student projects.;2012;PG-13;120;Drama
237;SPARK GALAXY TWILIGHT 237;Synthetic film for student projects.;1999;G;131;Romance
238;SPARK SHADOW SHADOW 238;Synthetic film for student projects.;2002;R;145;Comedy
239;ECHO SUN SUN ECHO 239;Synthetic film for student projects.;2009;G;73;Action
240;SECRET GALAXY STAR 240;Synthetic film for student projects.;2004;PG;139;Drama
241;ECHO RISING SHADOW 241;Synthetic film for student projects.;2015;PG-13;61;Action
241;ECHO RISING SHADOW 241;Synthetic film for student projects.;2015;PG-13;61;Documentary
242;DRAGON STORM 242;Synthetic film for student projects.;1999;PG-13;140;Sci-Fi
243;GALAXY SHADOW 243;Synthetic film for student projects.;2002;PG;93;Action
243;GALAXY SHADOW 243;Synthetic film for student projects.;2002;PG;93;Romance
244;DRAGON SECRET EMPIRE 244;Synthetic film for student projects.;2002;PG;72;Thriller
245;STAR STORM ECHO 245;Synthetic film for student projects.;2003;PG-13;107;Comedy
245;STAR STORM ECHO 245;Synthetic film for student projects.;2003;PG-13;107;Romance
246;EMPIRE TWILIGHT MOON FALL 246;Synthetic film for student projects.;1994;R;84;Drama
247;SPARK ECHO MOON FALL 247;Synthetic film for student projects.;2005;PG;97;Documentary
248;SECRET MYSTERY STAR 248;Synthetic film for student projects.;2007;R;153;Comedy
248;SECRET MYSTERY STAR 248;Synthetic film for student projects.;2007;R;153;Thriller
249;MOON RIVER EMPIRE TWILIGHT 249;Synthetic film for student projects.;2014;PG;126;Romance
250;SPARK TWILIGHT DAWN 250;Synthetic film for student projects.;2021;G;111;Animation
251;SECRET SHADOW 251;Synthetic film for student projects.;2018;R;99;Drama
252;EMPIRE SPARK NIGHT DRAGON 252;Synthetic film for student projects.;1995;PG-13;116;Drama
253;SUN MYSTERY 253;Synthetic film for student projects.;2019;R;117;Comedy
254;SPARK DAWN ECHO 254;Synthetic film for student projects.;2007;PG-13;116;Romance
255;RIVER SPARK RIVER HORIZON 255;Synthetic film for student projects.;2022;G;89;Thriller
256;SPARK MYSTERY 256;Synthetic film for student projects.;2024;PG-13;146;Drama
257;NIGHT SHADOW MOON 257;Synthetic film for student projects.;1998;PG-13;158;Action
257;NIGHT SHADOW MOON 257;Synthetic film for student projects.;1998;PG-13;158;Documentary
258;RISING RISING SUN 258;Synthetic film for student projects.;1990;PG;89;Action
259;SECRET TWILIGHT SUN 259;Synthetic film for student projects.;2025;PG;70;Romance
259;SECRET TWILIGHT SUN 259;Synthetic film for student projects.;2025;PG;70;Thriller
260;FALL SHADOW RETURN 260;Synthetic film for student projects.;2018;PG;77;Documentary
261;GALAXY DAWN SPARK 261;Synthetic film for student projects.;2011;R;147;Romance
261;GALAXY DAWN SPARK 261;Synthetic film for student projects.;2011;R;147;Animation
262;DRAGON HORIZON ECHO SUN 262;Synthetic film for student projects.;1991;R;79;Romance
263;SHADOW RISING RIVER 263;Synthetic film for student projects.;2024;R;73;Thriller
264;HORIZON RIVER EMPIRE STORM 264;Synthetic film for student projects.;2025;G;137;Thriller
265;SHADOW RIVER 265;Synthetic film for student projects.;2014;G;97;Thriller
265;SHADOW RIVER 265;Synthetic film for student projects.;2014;G;97;Sci-Fi
266;MYSTERY SPARK TWILIGHT 266;Synthetic film for student projects.;1990;G;110;Documentary
266;MYSTERY SPARK TWILIGHT 266;Synthetic film for student projects.;1990;G;110;Sci-Fi
267;DRAGON FALL 267;Synthetic film for student projects.;2020;PG;86;Drama
268;FALL DAWN EMPIRE 268;Synthetic film for student projects.;2009;R;151;Action
269;SHADOW GALAXY LEGEND 269;Synthetic film for student projects.;2018;PG-13;91;Sci-Fi
270;DAWN RETURN RETURN SUN 270;Synthetic film for student projects.;1992;PG-13;142;Thriller
271;HORIZON RISING MOON EMPIRE 271;Synthetic film for student projects.;2016;R;153;Thriller
271;HORIZON RISING MOON EMPIRE 271;Synthetic film for student projects.;2016;R;153;Comedy
272;EMPIRE SUN STORM 272;Synthetic film for student projects.;2015;PG-13;80;Drama
272;EMPIRE SUN STORM 272;Synthetic film for student projects.;2015;PG-13;80;Thriller
273;RIVER SHADOW DAWN FALL 273;Synthetic film for student projects.;2025;PG-13;156;Sci-Fi
274;RETURN EMPIRE NIGHT 274;Synthetic film for student projects.;2003;R;63;Comedy
275;ECHO RISING SHADOW 275;Synthetic film for student projects.;2015;PG;74;Drama
276;RETURN DAWN RETURN 276;Synthetic film for student projects.;1994;R;116;Sci-Fi
277;EMPIRE EMPIRE GALAXY 277;Synthetic film for student projects.;1996;R;128;Documentary
277;EMPIRE EMPIRE GALAXY 277;Synthetic film for student projects.;1996;R;128;Thriller
278;RIVER GALAXY 278;Synthetic film for student projects.;2007;G;82;Romance
279;DRAGON SHADOW RETURN MYSTERY 279;Synthetic film for student projects.;2023;R;148;Comedy
280;MOON GALAXY 280;Synthetic film for student projects.;1993;PG;107;Comedy
281;GALAXY FALL 281;Synthetic film for student projects.;1991;G;147;Documentary
282;STORM EMPIRE 282;Synthetic film for student projects.;2000;PG-13;73;Animation
283;DRAGON STAR SHADOW 283;Synthetic film for student projects.;2003;PG;75;Comedy
284;SPARK ECHO 284;Synthetic film for student projects.;2001;R;100;Thriller
284;SPARK ECHO 284;Synthetic film for student projects.;2001;R;100;Animation
285;RETURN SECRET 285;Synthetic film for student projects.;1994;G;139;Drama
286;SHADOW FALL 286;Synthetic film for student projects.;2009;PG;151;Drama
287;STORM MOON ECHO 287;Synthetic film for student projects.;2014;PG-13;82;Romance
288;DAWN RIVER ECHO GALAXY 288;Synthetic film for student projects.;2018;G;135;Sci-Fi
289;GALAXY MOON 289;Synthetic film for student projects.;1997;PG;114;Comedy
289;GALAXY MOON 289;Synthetic film for student projects.;1997;PG;114;Romance
290;RIVER MYSTERY LEGEND SPARK 290;Synthetic film for student projects.;2021;G;108;Animation
291;MOON RETURN 291;Synthetic film for student projects.;2011;G;142;Action
291;MOON RETURN 291;Synthetic film for student projects.;2011;G;142;Drama
292;FALL STAR HORIZON GALAXY 292;Synthetic film for student projects.;2004;G;91;Drama
292;FALL STAR HORIZON GALAXY 292;Synthetic film for student projects.;2004;G;91;Thriller
293;SECRET SECRET MOON RISING 293;Synthetic film for student projects.;2023;G;140;Action
294;RIVER SHADOW MYSTERY 294;Synthetic film for student projects.;1999;PG;82;Romance
295;TWILIGHT RIVER 295;Synthetic film for student projects.;2017;PG;81;Comedy
295;TWILIGHT RIVER 295;Synthetic film for student projects.;2017;PG;81;Drama
296;FALL EMPIRE 296;Synthetic film for student projects.;2005;PG;117;Romance
297;DAWN RIVER SPARK 297;Synthetic film for student projects.;2015;R;116;Thriller
297;DAWN RIVER SPARK 297;Synthetic film for student projects.;2015;R;116;Documentary
298;DAWN GALAXY 298;Synthetic film for student projects.;2014;PG;136;Action
299;EMPIRE NIGHT RISING RETURN 299;Synthetic film for student projects.;2009;R;131;Documentary
300;ECHO LEGEND 300;Synthetic film for student projects.;2020;PG-13;60;Animation
258;RISING RISING SUN 258;Synthetic film for student projects.;1990;PG;89;Thriller
156;RISING MYSTERY 156;Synthetic film for student projects.;1995;R;135;Documentary
152;SECRET STAR LEGEND 152;Synthetic film for student projects.;2021;G;119;Thriller
24;LEGEND SHADOW LEGEND STAR 24;Synthetic film for student projects.;2007;G;90;Documentary
150;STORM SPARK TWILIGHT SHADOW 150;Synthetic film for student projects.;2021;R;94;Action
76;MOON TWILIGHT DRAGON DRAGON 76;Synthetic film for student projects.;1997;PG;74;Thriller
69;NIGHT DAWN 69;Synthetic film for student projects.;1994;R;121;Thriller
27;MYSTERY SHADOW STORM 27;Synthetic film for student projects.;1999;G;82;Documentary
108;HORIZON TWILIGHT HORIZON FALL 108;Synthetic film for student projects.;2024;R;111;Comedy
1;EMPIRE ECHO DRAGON GALAXY 1;Synthetic film for student projects.;1990;G;72;Sci-Fi
189;TWILIGHT SUN SHADOW 189;Synthetic film for student projects.;2013;R;151;Sci-Fi
43;MYSTERY TWILIGHT SPARK MYSTERY 43;Synthetic film for student projects.;1997;PG-13;139;Thriller
69;NIGHT DAWN 69;Synthetic film for student projects.;1994;R;121;Romance
151;FALL SPARK 151;Synthetic film for student projects.;2001;PG-13;65;Sci-Fi
30;SECRET RETURN 30;Synthetic film for student projects.;2010;PG;146;Action
183;SPARK STAR RISING SHADOW 183;Synthetic film for student projects.;2009;PG;102;Documentary
144;STORM ECHO GALAXY HORIZON 144;Synthetic film for student projects.;1997;PG-13;73;Drama
132;SHADOW FALL EMPIRE 132;Synthetic film for student projects.;2016;R;93;Action
276;RETURN DAWN RETURN 276;Synthetic film for student projects.;1994;R;116;Comedy
196;SUN FALL 196;Synthetic film for student projects.;1993;R;83;Thriller
283;DRAGON STAR SHADOW 283;Synthetic film for student projects.;2003;PG;75;Documentary
227;SECRET SHADOW 227;Synthetic film for student projects.;2000;G;140;Documentary
167;FALL GALAXY EMPIRE 167;Synthetic film for student projects.;2008;PG;104;Thriller
80;MYSTERY SHADOW STORM 80;Synthetic film for student projects.;1992;G;75;Animation
119;SECRET NIGHT LEGEND 119;Synthetic film for student projects.;2013;G;62;Romance
189;TWILIGHT SUN SHADOW 189;Synthetic film for student projects.;2013;R;151;Drama
246;EMPIRE TWILIGHT MOON FALL 246;Synthetic film for student projects.;1994;R;84;Comedy
254;SPARK DAWN ECHO 254;Synthetic film for student projects.;2007;PG-13;116;Drama
91;DAWN NIGHT SUN SUN 91;Synthetic film for student projects.;2007;R;120;Documentary
292;FALL STAR HORIZON GALAXY 292;Synthetic film for student projects.;2004;G;91;Animation
11;SUN DRAGON 11;Synthetic film for student projects.;2012;G;67;Thriller
202;GALAXY STORM DRAGON EMPIRE 202;Synthetic film for student projects.;1991;R;150;Documentary
36;DAWN RETURN NIGHT GALAXY 36;Synthetic film for student projects.;2017;PG;101;Drama
270;DAWN RETURN RETURN SUN 270;Synthetic film for student projects.;1992;PG-13;142;Drama
7;DRAGON FALL 7;Synthetic film for student projects.;2003;G;151;Comedy
194;MOON FALL 194;Synthetic film for student projects.;1997;PG;97;Romance
11;SUN DRAGON 11;Synthetic film for student projects.;2012;G;67;Comedy
68;STAR HORIZON 68;Synthetic film for student projects.;2016;G;142;Documentary
74;DRAGON SUN 74;Synthetic film for student projects.;2012;PG-13;126;Action
5;ECHO NIGHT EMPIRE RIVER 5;Synthetic film for student projects.;2007;PG-13;102;Comedy
278;RIVER GALAXY 278;Synthetic film for student projects.;2007;G;82;Sci-Fi
72;SPARK MYSTERY HORIZON HORIZON 72;Synthetic film for student projects.;2023;PG;84;Animation
289;GALAXY MOON 289;Synthetic film for student projects.;1997;PG;114;Animation
84;GALAXY STORM SHADOW TWILIGHT 84;Synthetic film for student projects.;2020;PG;146;Thriller
170;EMPIRE MOON 170;Synthetic film for student projects.;2021;PG;98;Animation
80;MYSTERY SHADOW STORM 80;Synthetic film for student projects.;1992;G;75;Documentary
29;STORM MYSTERY 29;Synthetic film for student projects.;2024;G;122;Thriller
11;SUN DRAGON 11;Synthetic film for student projects.;2012;G;67;Action
53;LEGEND SPARK 53;Synthetic film for student projects.;2008;PG-13;80;Thriller
53;LEGEND SPARK 53;Synthetic film for student projects.;2008;PG-13;80;Romance
73;MOON EMPIRE 73;Synthetic film for student projects.;2024;PG-13;98;Action
115;MYSTERY DAWN GALAXY MYSTERY 115;Synthetic film for student projects.;1995;G;112;Action
117;ECHO SUN RISING 117;Synthetic film for student projects.;2005;PG;73;Romance
198;RETURN ECHO RISING DAWN 198;Synthetic film for student projects.;1998;PG;145;Drama
58;SUN LEGEND SUN 58;Synthetic film for student projects.;2018;PG;121;Animation
87;DAWN STORM RISING 87;Synthetic film for student projects.;2008;R;116;Comedy
115;MYSTERY DAWN GALAXY MYSTERY 115;Synthetic film for student projects.;1995;G;112;Comedy
145;GALAXY RIVER 145;Synthetic film for student projects.;2019;G;140;Sci-Fi
40;RETURN SUN 40;Synthetic film for student projects.;1991;PG;150;Sci-Fi
44;EMPIRE STAR DRAGON 44;Synthetic film for student projects.;1994;G;102;Action
78;HORIZON GALAXY 78;Synthetic film for student projects.;1997;PG;78;Drama
220;RIVER MOON 220;Synthetic film for student projects.;2009;G;123;Sci-Fi
93;LEGEND GALAXY STORM MYSTERY 93;Synthetic film for student projects.;1994;PG-13;108;Romance
77;DAWN SPARK 77;Synthetic film for student projects.;2009;PG-13;116;Thriller
147;MYSTERY RIVER DRAGON 147;Synthetic film for student projects.;2014;R;82;Sci-Fi
256;SPARK MYSTERY 256;Synthetic film for student projects.;2024;PG-13;146;Sci-Fi
136;SPARK LEGEND DRAGON 136;Synthetic film for student projects.;1992;R;81;Comedy
2;RETURN SPARK SECRET HORIZON 2;Synthetic film for student projects.;2006;G;139;Drama
76;MOON TWILIGHT DRAGON DRAGON 76;Synthetic film for student projects.;1997;PG;74;Romance
229;ECHO MYSTERY 229;Synthetic film for student projects.;2011;R;159;Animation
35;MOON EMPIRE SUN DRAGON 35;Synthetic film for student projects.;2004;PG;122;Comedy
143;SUN SHADOW SUN GALAXY 143;Synthetic film for student projects.;2023;R;69;Drama
66;RETURN SUN LEGEND SHADOW 66;Synthetic film for student projects.;2001;PG-13;122;Drama
198;RETURN ECHO RISING DAWN 198;Synthetic film for student projects.;1998;PG;145;Sci-Fi
164;ECHO GALAXY 164;Synthetic film for student projects.;1996;PG-13;123;Animation
218;STORM SPARK RISING MOON 218;Synthetic film for student projects.;2012;R;61;Animation
212;MOON HORIZON STAR 212;Synthetic film for student projects.;2000;PG-13;94;Sci-Fi
71;ECHO RETURN 71;Synthetic film for student projects.;1998;R;94;Documentary
276;RETURN DAWN RETURN 276;Synthetic film for student projects.;1994;R;116;Animation
273;RIVER SHADOW DAWN FALL 273;Synthetic film for student projects.;2025;PG-13;156;Documentary
298;DAWN GALAXY 298;Synthetic film for student projects.;2014;PG;136;Romance
270;DAWN RETURN RETURN SUN 270;Synthetic film for student projects.;1992;PG-13;142;Documentary
45;DAWN SUN SHADOW SECRET 45;Synthetic film for student projects.;2010;PG-13;147;Documentary
186;MYSTERY SPARK NIGHT STAR 186;Synthetic film for student projects.;2022;G;156;Action
105;MOON HORIZON 105;Synthetic film for student projects.;2013;G;141;Action
69;NIGHT DAWN 69;Synthetic film for student projects.;1994;R;121;Comedy
31;ECHO SECRET 31;Synthetic film for student projects.;1996;G;108;Sci-Fi
185;GALAXY DRAGON 185;Synthetic film for student projects.;2006;G;114;Drama
151;FALL SPARK 151;Synthetic film for student projects.;2001;PG-13;65;Animation
74;DRAGON SUN 74;Synthetic film for student projects.;2012;PG-13;126;Romance
125;RISING SHADOW 125;Synthetic film for student projects.;2009;PG;80;Documentary
14;MYSTERY SHADOW 14;Synthetic film for student projects.;1991;PG-13;109;Romance
191;TWILIGHT RISING SUN DRAGON 191;Synthetic film for student projects.;2023;R;123;Action
55;NIGHT SPARK EMPIRE 55;Synthetic film for student projects.;2003;PG;100;Comedy
245;STAR STORM ECHO 245;Synthetic film for student projects.;2003;PG-13;107;Drama
16;STORM SHADOW STAR 16;Synthetic film for student projects.;2023;G;134;Drama
188;HORIZON HORIZON SUN 188;Synthetic film for student projects.;1998;G;154;Drama
41;STAR RETURN STAR 41;Synthetic film for student projects.;1990;G;148;Documentary
40;RETURN SUN 40;Synthetic film for student projects.;1991;PG;150;Action
292;FALL STAR HORIZON GALAXY 292;Synthetic film for student projects.;2004;G;91;Romance
77;DAWN SPARK 77;Synthetic film for student projects.;2009;PG-13;116;Drama
241;ECHO RISING SHADOW 241;Synthetic film for student projects.;2015;PG-13;61;Drama
241;ECHO RISING SHADOW 241;Synthetic film for student projects.;2015;PG-13;61;Romance
173;DRAGON NIGHT 173;Synthetic film for student projects.;1999;R;66;Animation
7;DRAGON FALL 7;Synthetic film for student projects.;2003;G;151;Thriller
57;ECHO LEGEND GALAXY 57;Synthetic film for student projects.;2024;R;150;Drama
31;ECHO SECRET 31;Synthetic film for student projects.;1996;G;108;Action
89;STORM RISING RETURN TWILIGHT 89;Synthetic film for student projects.;1995;G;111;Drama
6;EMPIRE RETURN RIVER 6;Synthetic film for student projects.;2021;G;142;Romance
217;DRAGON DAWN RISING 217;Synthetic film for student projects.;2024;R;63;Animation
293;SECRET SECRET MOON RISING 293;Synthetic film for student projects.;2023;G;140;Thriller
81;HORIZON GALAXY 81;Synthetic film for student projects.;1996;PG-13;85;Thriller
48;RETURN RIVER 48;Synthetic film for student projects.;1995;PG;69;Romance
65;ECHO RIVER SUN RISING 65;Synthetic film for student projects.;1995;PG;94;Documentary
206;MOON ECHO 206;Synthetic film for student projects.;2001;PG-13;109;Action
113;GALAXY SECRET 113;Synthetic film for student projects.;2009;G;115;Romance
240;SECRET GALAXY STAR 240;Synthetic film for student projects.;2004;PG;139;Animation
161;DAWN STAR 161;Synthetic film for student projects.;1999;PG;140;Romance
195;SPARK HORIZON 195;Synthetic film for student projects.;2013;PG;63;Drama
28;STAR SPARK 28;Synthetic film for student projects.;2008;R;102;Sci-Fi
218;STORM SPARK RISING MOON 218;Synthetic film for student projects.;2012;R;61;Documentary
139;ECHO FALL EMPIRE ECHO 139;Synthetic film for student projects.;2021;G;84;Comedy
54;EMPIRE LEGEND 54;Synthetic film for student projects.;2000;PG;100;Comedy
186;MYSTERY SPARK NIGHT STAR 186;Synthetic film for student projects.;2022;G;156;Sci-Fi
15;DRAGON RETURN GALAXY 15;Synthetic film for student projects.;1992;G;160;Documentary
145;GALAXY RIVER 145;Synthetic film for student projects.;2019;G;140;Drama
278;RIVER GALAXY 278;Synthetic film for student projects.;2007;G;82;Comedy
34;LEGEND STORM RETURN 34;Synthetic film for student projects.;2019;PG;88;Documentary
97;EMPIRE DAWN FALL LEGEND 97;Synthetic film for student projects.;2009;R;157;Documentary
17;LEGEND DAWN 17;Synthetic film for student projects.;1991;PG;149;Documentary
292;FALL STAR HORIZON GALAXY 292;Synthetic film for student projects.;2004;G;91;Action
162;HORIZON RETURN 162;Synthetic film for student projects.;1999;PG;74;Comedy
159;RISING MOON DAWN 159;Synthetic film for student projects.;2009;R;146;Action
183;SPARK STAR RISING SHADOW 183;Synthetic film for student projects.;2009;PG;102;Thriller
204;FALL GALAXY 204;Synthetic film for student projects.;2023;G;71;Documentary
162;HORIZON RETURN 162;Synthetic film for student projects.;1999;PG;74;Romance
50;SPARK FALL RETURN 50;Synthetic film for student projects.;1991;PG;62;Sci-Fi
209;DAWN GALAXY 209;Synthetic film for student projects.;2016;G;94;Comedy
258;RISING RISING SUN 258;Synthetic film for student projects.;1990;PG;89;Drama
13;SHADOW HORIZON RISING STORM 13;Synthetic film for student projects.;2012;PG;116;Romance
245;STAR STORM ECHO 245;Synthetic film for student projects.;2003;PG-13;107;Action
78;HORIZON GALAXY 78;Synthetic film for student projects.;1997;PG;78;Animation
119;SECRET NIGHT LEGEND 119;Synthetic film for student projects.;2013;G;62;Documentary
73;MOON EMPIRE 73;Synthetic film for student projects.;2024;PG-13;98;Drama
257;NIGHT SHADOW MOON 257;Synthetic film for student projects.;1998;PG-13;158;Sci-Fi
230;STAR RETURN 230;Synthetic film for student projects.;1997;G;108;Drama
174;STORM MOON 174;Synthetic film for student projects.;1996;G;73;Thriller
21;STORM NIGHT 21;Synthetic film for student projects.;1999;PG;107;Romance
123;FALL ECHO FALL STORM 123;Synthetic film for student projects.;2000;R;68;Documentary
39;FALL SHADOW LEGEND SPARK 39;Synthetic film for student projects.;2008;PG-13;121;Drama
291;MOON RETURN 291;Synthetic film for student projects.;2011;G;142;Animation
281;GALAXY FALL 281;Synthetic film for student projects.;1991;G;147;Comedy
256;SPARK MYSTERY 256;Synthetic film for student projects.;2024;PG-13;146;Comedy
233;RISING RETURN FALL 233;Synthetic film for student projects.;1996;PG;126;Sci-Fi
87;DAWN STORM RISING 87;Synthetic film for student projects.;2008;R;116;Thriller
144;STORM ECHO GALAXY HORIZON 144;Synthetic film for student projects.;1997;PG-13;73;Sci-Fi
181;MYSTERY STAR TWILIGHT HORIZON 181;Synthetic film for student projects.;2016;PG-13;155;Comedy
37;LEGEND SUN GALAXY FALL 37;Synthetic film for student projects.;1992;G;158;Drama
236;SUN FALL TWILIGHT 236;Synthetic film for student projects.;2012;PG-13;120;Thriller
243;GALAXY SHADOW 243;Synthetic film for student projects.;2002;PG;93;Thriller
64;EMPIRE FALL FALL 64;Synthetic film for student projects.;1998;R;86;Animation
21;STORM NIGHT 21;Synthetic film for student projects.;1999;PG;107;Sci-Fi
147;MYSTERY RIVER DRAGON 147;Synthetic film for student projects.;2014;R;82;Romance
210;DRAGON STAR 210;Synthetic film for student projects.;1998;PG;70;Drama
226;RISING SHADOW 226;Synthetic film for student projects.;2011;R;88;Sci-Fi
263;SHADOW RISING RIVER 263;Synthetic film for student projects.;2024;R;73;Sci-Fi
135;DAWN SPARK 135;Synthetic film for student projects.;1992;PG-13;139;Action
30;SECRET RETURN 30;Synthetic film for student projects.;2010;PG;146;Documentary
288;DAWN RIVER ECHO GALAXY 288;Synthetic film for student projects.;2018;G;135;Action
149;HORIZON DAWN 149;Synthetic film for student projects.;2017;PG-13;137;Romance
82;RIVER LEGEND 82;Synthetic film for student projects.;2007;PG;80;Romance
